A,B,X
Zn,Ge,N
Zn,Ge,N
Zn,Ge,N
Al,Ga,N
Al,Ga,N
Al,Ga,N
Zn,Si,N
Zn,Si,N
Zn,Si,N
Al,Ga,As
Al,Ga,As
Al,Ga,As
Al,Ga,P
Al,Ga,P
Al,Ga,P
Ga,In,N
Ga,In,N
Ga,In,N
Al,In,N
Al,In,N
Al,In,N
Cd,Si,N
Cd,Si,N
Cd,Si,N
Zn,Ge,P
Zn,Ge,P
Zn,Ge,P
Cd,Ge,N
Cd,Ge,N
Cd,Ge,N
Ga,In,P
Ga,In,P
Ga,In,P
Al,In,P
Al,In,P
Al,In,P
Al,In,As
Al,In,As
Al,In,As
Ga,In,As
Ga,In,As
Ga,In,As
Cd,Si,As
Cd,Si,As
Cd,Si,As
Cd,Ge,As
Cd,Ge,As
Cd,Ge,As
Zn,Ge,As
Zn,Ge,As
Zn,Ge,As
Zn,Sn,N
Zn,Sn,N
Zn,Sn,N
Zn,Si,As
Zn,Si,As
Zn,Si,As
Cd,Si,P
Cd,Si,P
Cd,Si,P
Cd,Ge,P
Cd,Ge,P
Cd,Ge,P
Cd,Sn,N
Cd,Sn,N
Cd,Sn,N
Zn,Sn,As
Zn,Sn,As
Zn,Sn,As
Zn,Sn,P
Zn,Sn,P
Zn,Sn,P
Cd,Sn,P
Cd,Sn,P
Cd,Sn,P
Zn,Si,P
Zn,Si,P
Zn,Si,P
Cd,Sn,As
Cd,Sn,As
Cd,Sn,As
Zn,Ge,Sb
Zn,Ge,Sb
Zn,Ge,Sb
Cd,Si,Sb
Cd,Si,Sb
Cd,Si,Sb
Zn,Si,Sb
Zn,Si,Sb
Zn,Si,Sb
Cd,Ge,Sb
Cd,Ge,Sb
Cd,Ge,Sb
Zn,Sn,Sb
Zn,Sn,Sb
Zn,Sn,Sb
Cd,Sn,Sb
Cd,Sn,Sb
Cd,Sn,Sb
