0,Zn1 Ge1 N2
1,Zn1 Ge1 N2
2,Zn1 Ge1 N2
3,Al1 Ga1 N2
4,Al1 Ga1 N2
5,Al1 Ga1 N2
6,Zn1 Si1 N2
7,Zn1 Si1 N2
8,Zn1 Si1 N2
9,Al1 Ga1 As2
10,Al1 Ga1 As2
11,Al1 Ga1 As2
12,Al1 Ga1 P2
13,Al1 Ga1 P2
14,Al1 Ga1 P2
15,Ga1 In1 N2
16,Ga1 In1 N2
17,Ga1 In1 N2
18,Al1 In1 N2
19,Al1 In1 N2
20,Al1 In1 N2
21,Cd1 Si1 N2
22,Cd1 Si1 N2
23,Cd1 Si1 N2
24,Zn1 Ge1 P2
25,Zn1 Ge1 P2
26,Zn1 Ge1 P2
27,Cd1 Ge1 N2
28,Cd1 Ge1 N2
29,Cd1 Ge1 N2
30,Ga1 In1 P2
31,Ga1 In1 P2
32,Ga1 In1 P2
33,Al1 In1 P2
34,Al1 In1 P2
35,Al1 In1 P2
36,Al1 In1 As2
37,Al1 In1 As2
38,Al1 In1 As2
39,Ga1 In1 As2
40,Ga1 In1 As2
41,Ga1 In1 As2
42,Cd1 Si1 As2
43,Cd1 Si1 As2
44,Cd1 Si1 As2
45,Cd1 Ge1 As2
46,Cd1 Ge1 As2
47,Cd1 Ge1 As2
48,Zn1 Ge1 As2
49,Zn1 Ge1 As2
50,Zn1 Ge1 As2
51,Zn1 Sn1 N2
52,Zn1 Sn1 N2
53,Zn1 Sn1 N2
54,Zn1 Si1 As2
55,Zn1 Si1 As2
56,Zn1 Si1 As2
57,Cd1 Si1 P2
58,Cd1 Si1 P2
59,Cd1 Si1 P2
60,Cd1 Ge1 P2
61,Cd1 Ge1 P2
62,Cd1 Ge1 P2
63,Cd1 Sn1 N2
64,Cd1 Sn1 N2
65,Cd1 Sn1 N2
66,Zn1 Sn1 As2
67,Zn1 Sn1 As2
68,Zn1 Sn1 As2
69,Zn1 Sn1 P2
70,Zn1 Sn1 P2
71,Zn1 Sn1 P2
72,Cd1 Sn1 P2
73,Cd1 Sn1 P2
74,Cd1 Sn1 P2
75,Zn1 Si1 P2
76,Zn1 Si1 P2
77,Zn1 Si1 P2
78,Cd1 Sn1 As2
79,Cd1 Sn1 As2
80,Cd1 Sn1 As2
81,Zn1 Ge1 Sb2
82,Zn1 Ge1 Sb2
83,Zn1 Ge1 Sb2
84,Cd1 Si1 Sb2
85,Cd1 Si1 Sb2
86,Cd1 Si1 Sb2
87,Zn1 Si1 Sb2
88,Zn1 Si1 Sb2
89,Zn1 Si1 Sb2
90,Cd1 Ge1 Sb2
91,Cd1 Ge1 Sb2
92,Cd1 Ge1 Sb2
93,Zn1 Sn1 Sb2
94,Zn1 Sn1 Sb2
95,Zn1 Sn1 Sb2
96,Cd1 Sn1 Sb2
97,Cd1 Sn1 Sb2
98,Cd1 Sn1 Sb2
