compound,AM1,AN1,Period1,group1,First_IE1,Second_IE1,elctron_AF1,paulielctrneg1  ,Allen_electneg1,vand_rad1,cov_rad1,atom_rad1,metling1,boiling1,density1,molarVol1,heat_fus1,heat_vap1,thermal_con1,spec_heat1,AM2,AN2,Period2,group2,First_IE21,Second_IE12,elctron_AF2,paulielctrneg2,Allen_electneg2,vand_rad2,cov_rad2,atom_rad2,metling2,boiling2,density2,molarVol2,heat_fus2,heat_vap2,thermal_con2,spec_heat2,AM3,AN3,Period3,group3,First_IE3,Second_IE3,elctron_AF3,paulielctrneg3  ,Allen_electneg3,vand_rad3,cov_rad3,atom_rad3,metling3,boiling3,density3,molarVol3,heat_fus3,heat_vap3,thermal_con3,spec_heat3,ST,KT,CP,BandGap,Ksgap,Volume,product
ZnGeN2  ,65.39,30,4,12,906.4,1733.3,0,1.65,1.59,139,122,135,419.53,907,7.133,0.000009157,7.35,119,1.16,388,72.64,32,4,14,762,1537.5,-118.9,2.01,1.994,211,120,125,938.3,2833,5.323,0.000013645,31.8,334,0.599,321.4,14.01,7,2,15,1402.3,2856,0.07,3.04,3.066,155,71,65,-210.1,-195.8,0.808,0.011197,0.36,2.79,0.0002598,1040,1,0,0,2.44,1.76,181.389,1039440
ZnGeN2  ,65.39,30,4,12,906.4,1733.3,0,1.65,1.59,139,122,135,419.53,907,7.133,0.000009157,7.35,119,1.16,388,72.64,32,4,14,762,1537.5,-118.9,2.01,1.994,211,120,125,938.3,2833,5.323,0.000013645,31.8,334,0.599,321.4,14.01,7,2,15,1402.3,2856,0.07,3.04,3.066,155,71,65,-210.1,-195.8,0.808,0.011197,0.36,2.79,0.0002598,1040,0,1,0,3.02,2.15,181.833,1039440
ZnGeN2  ,65.39,30,4,12,906.4,1733.3,0,1.65,1.59,139,122,135,419.53,907,7.133,0.000009157,7.35,119,1.16,388,72.64,32,4,14,762,1537.5,-118.9,2.01,1.994,211,120,125,938.3,2833,5.323,0.000013645,31.8,334,0.599,321.4,14.01,7,2,15,1402.3,2856,0.07,3.04,3.066,155,71,65,-210.1,-195.8,0.808,0.011197,0.36,2.79,0.0002598,1040,0,0,1,2.73,1.95,181.565,1039440
AlGaN2  ,26.981,13,3,13,577.5,1816.7,-41.8,1.61,1.613,184,121,125,660.3,2470,2.6989,0.00000999,10.7,293,2.37,904,69.72,31,4,13,578.8,1979.3,-40,1.81,1.756,187,122,130,29.76,2400,5.91,0.000011809,5.59,256,0.406,371,14.01,7,2,15,1402.3,2856,0.07,3.04,3.066,155,71,65,-210.1,-195.8,0.808,0.011197,0.36,2.79,0.0002598,1040,1,0,0,4.59,3.28,178.46,1048102
AlGaN2  ,26.981,13,3,13,577.5,1816.7,-41.8,1.61,1.613,184,121,125,660.3,2470,2.6989,0.00000999,10.7,293,2.37,904,69.72,31,4,13,578.8,1979.3,-40,1.81,1.756,187,122,130,29.76,2400,5.91,0.000011809,5.59,256,0.406,371,14.01,7,2,15,1402.3,2856,0.07,3.04,3.066,155,71,65,-210.1,-195.8,0.808,0.011197,0.36,2.79,0.0002598,1040,0,1,0,4.63,3.31,178.365,1048102
AlGaN2  ,26.981,13,3,13,577.5,1816.7,-41.8,1.61,1.613,184,121,125,660.3,2470,2.6989,0.00000999,10.7,293,2.37,904,69.72,31,4,13,578.8,1979.3,-40,1.81,1.756,187,122,130,29.76,2400,5.91,0.000011809,5.59,256,0.406,371,14.01,7,2,15,1402.3,2856,0.07,3.04,3.066,155,71,65,-210.1,-195.8,0.808,0.011197,0.36,2.79,0.0002598,1040,0,0,1,4.46,3.17,178.513,1048102
ZnSiN2  ,65.39,30,4,12,906.4,1733.3,0,1.65,1.59,139,122,135,419.53,907,7.133,0.000009157,7.35,119,1.16,388,28.9,14,3,14,786.5,1577.1,-134.1,1.9,1.916,210,111,110,1414,3265,2.33,0.000012054,50.2,359,1.48,710,14.01,7,2,15,1402.3,2856,0.07,3.04,3.066,155,71,65,-210.1,-195.8,0.808,0.011197,0.36,2.79,0.0002598,1040,1,0,0,4.52,3.26,164.134,961482
ZnSiN2  ,65.39,30,4,12,906.4,1733.3,0,1.65,1.59,139,122,135,419.53,907,7.133,0.000009157,7.35,119,1.16,388,28.9,14,3,14,786.5,1577.1,-134.1,1.9,1.916,210,111,110,1414,3265,2.33,0.000012054,50.2,359,1.48,710,14.01,7,2,15,1402.3,2856,0.07,3.04,3.066,155,71,65,-210.1,-195.8,0.808,0.011197,0.36,2.79,0.0002598,1040,0,1,0,5.4,3.84,164.621,961482
ZnSiN2  ,65.39,30,4,12,906.4,1733.3,0,1.65,1.59,139,122,135,419.53,907,7.133,0.000009157,7.35,119,1.16,388,28.9,14,3,14,786.5,1577.1,-134.1,1.9,1.916,210,111,110,1414,3265,2.33,0.000012054,50.2,359,1.48,710,14.01,7,2,15,1402.3,2856,0.07,3.04,3.066,155,71,65,-210.1,-195.8,0.808,0.011197,0.36,2.79,0.0002598,1040,0,0,1,5.18,3.69,163.892,961482
AlGaAs2  ,26.981,13,3,13,577.5,1816.7,-41.8,1.61,1.613,184,121,125,660.3,2470,2.6989,0.00000999,10.7,293,2.37,904,69.72,31,4,13,578.8,1979.3,-40,1.81,1.756,187,122,130,29.76,2400,5.91,0.000011809,5.59,256,0.406,371,74.92,33,4,15,947,1798,-78,2.18,2.211,185,119,115,817,614,5.73,0.000013082,27.7,32.4,0.502,328,1,0,0,1.76,1.28,367.954,1756678
AlGaAs2  ,26.981,13,3,13,577.5,1816.7,-41.8,1.61,1.613,184,121,125,660.3,2470,2.6989,0.00000999,10.7,293,2.37,904,69.72,31,4,13,578.8,1979.3,-40,1.81,1.756,187,122,130,29.76,2400,5.91,0.000011809,5.59,256,0.406,371,74.92,33,4,15,947,1798,-78,2.18,2.211,185,119,115,817,614,5.73,0.000013082,27.7,32.4,0.502,328,0,1,0,2.06,1.48,367.953,1756678
AlGaAs2  ,26.981,13,3,13,577.5,1816.7,-41.8,1.61,1.613,184,121,125,660.3,2470,2.6989,0.00000999,10.7,293,2.37,904,69.72,31,4,13,578.8,1979.3,-40,1.81,1.756,187,122,130,29.76,2400,5.91,0.000011809,5.59,256,0.406,371,74.92,33,4,15,947,1798,-78,2.18,2.211,185,119,115,817,614,5.73,0.000013082,27.7,32.4,0.502,328,0,0,1,2.13,1.57,368.074,1756678
AlGaP2  ,26.981,13,3,13,577.5,1816.7,-41.8,1.61,1.613,184,121,125,660.3,2470,2.6989,0.00000999,10.7,293,2.37,904,69.72,31,4,13,578.8,1979.3,-40,1.81,1.756,187,122,130,29.76,2400,5.91,0.000011809,5.59,256,0.406,371,30.97,15,3,15,1011.8,1907,-72,2.19,2.253,180,107,100,44.2,277,1.82,0.000016991,0.64,12.4,0.00235,769.7,1,0,0,2.47,1.73,329.237,1579534
AlGaP2 ,26.981,13,3,13,577.5,1816.7,-41.8,1.61,1.613,184,121,125,660.3,2470,2.6989,0.00000999,10.7,293,2.37,904,69.72,31,4,13,578.8,1979.3,-40,1.81,1.756,187,122,130,29.76,2400,5.91,0.000011809,5.59,256,0.406,371,30.97,15,3,15,1011.8,1907,-72,2.19,2.253,180,107,100,44.2,277,1.82,0.000016991,0.64,12.4,0.00235,769.7,0,1,0,2.71,1.9,329.304,1579534
AlGaP2 ,26.981,13,3,13,577.5,1816.7,-41.8,1.61,1.613,184,121,125,660.3,2470,2.6989,0.00000999,10.7,293,2.37,904,69.72,31,4,13,578.8,1979.3,-40,1.81,1.756,187,122,130,29.76,2400,5.91,0.000011809,5.59,256,0.406,371,30.97,15,3,15,1011.8,1907,-72,2.19,2.253,180,107,100,44.2,277,1.82,0.000016991,0.64,12.4,0.00235,769.7,0,0,1,2.76,1.89,329.301,1579534
GaInN2  ,69.72,31,4,13,578.8,1979.3,-40,1.81,1.756,187,122,130,29.76,2400,5.91,0.000011809,5.59,256,0.406,371,114.8,49,5,13,558.3,1820.7,-29,1.78,1.656,193,142,155,156.6,2072,7.31,0.000015707,3.26,230,0.816,233,14.01,7,2,15,1402.3,2856,0.07,3.04,3.066,155,71,65,-210.1,-195.8,0.808,0.011197,0.36,2.79,0.0002598,1040,1,0,0,1.32,0.92,215.885,1230004
GaInN2  ,69.72,31,4,13,578.8,1979.3,-40,1.81,1.756,187,122,130,29.76,2400,5.91,0.000011809,5.59,256,0.406,371,114.8,49,5,13,558.3,1820.7,-29,1.78,1.656,193,142,155,156.6,2072,7.31,0.000015707,3.26,230,0.816,233,14.01,7,2,15,1402.3,2856,0.07,3.04,3.066,155,71,65,-210.1,-195.8,0.808,0.011197,0.36,2.79,0.0002598,1040,0,1,0,1.5,1.04,215.598,1230004
GaInN2  ,69.72,31,4,13,578.8,1979.3,-40,1.81,1.756,187,122,130,29.76,2400,5.91,0.000011809,5.59,256,0.406,371,114.8,49,5,13,558.3,1820.7,-29,1.78,1.656,193,142,155,156.6,2072,7.31,0.000015707,3.26,230,0.816,233,14.01,7,2,15,1402.3,2856,0.07,3.04,3.066,155,71,65,-210.1,-195.8,0.808,0.011197,0.36,2.79,0.0002598,1040,0,0,1,1.22,0.85,215.742,1230004
AlInN2  ,26.981,13,3,13,577.5,1816.7,-41.8,1.61,1.613,184,121,125,660.3,2470,2.6989,0.00000999,10.7,293,2.37,904,114.8,49,5,13,558.3,1820.7,-29,1.78,1.656,193,142,155,156.6,2072,7.31,0.000015707,3.26,230,0.816,233,14.01,7,2,15,1402.3,2856,0.07,3.04,3.066,155,71,65,-210.1,-195.8,0.808,0.011197,0.36,2.79,0.0002598,1040,1,0,0,2.64,1.83,203.871,1219922
AlInN2  ,26.981,13,3,13,577.5,1816.7,-41.8,1.61,1.613,184,121,125,660.3,2470,2.6989,0.00000999,10.7,293,2.37,904,114.8,49,5,13,558.3,1820.7,-29,1.78,1.656,193,142,155,156.6,2072,7.31,0.000015707,3.26,230,0.816,233,14.01,7,2,15,1402.3,2856,0.07,3.04,3.066,155,71,65,-210.1,-195.8,0.808,0.011197,0.36,2.79,0.0002598,1040,0,1,0,3,2.06,203.205,1219922
AlInN2  ,26.981,13,3,13,577.5,1816.7,-41.8,1.61,1.613,184,121,125,660.3,2470,2.6989,0.00000999,10.7,293,2.37,904,114.8,49,5,13,558.3,1820.7,-29,1.78,1.656,193,142,155,156.6,2072,7.31,0.000015707,3.26,230,0.816,233,14.01,7,2,15,1402.3,2856,0.07,3.04,3.066,155,71,65,-210.1,-195.8,0.808,0.011197,0.36,2.79,0.0002598,1040,0,0,1,2.7,1.85,203.16,1219922
CdSiN2  ,112.4,48,5,12,867.8,1631.4,70,1.69,1.52,158,144,155,321.07,767,8.65,0.000012996,6.3,100,0.968,230,28.9,14,3,14,786.5,1577.1,-134.1,1.9,1.916,210,111,110,1414,3265,2.33,0.000012054,50.2,359,1.48,710,14.01,7,2,15,1402.3,2856,0.07,3.04,3.066,155,71,65,-210.1,-195.8,0.808,0.011197,0.36,2.79,0.0002598,1040,1,0,0,2.45,1.73,188.759,1134864
CdSiN2  ,112.4,48,5,12,867.8,1631.4,70,1.69,1.52,158,144,155,321.07,767,8.65,0.000012996,6.3,100,0.968,230,28.9,14,3,14,786.5,1577.1,-134.1,1.9,1.916,210,111,110,1414,3265,2.33,0.000012054,50.2,359,1.48,710,14.01,7,2,15,1402.3,2856,0.07,3.04,3.066,155,71,65,-210.1,-195.8,0.808,0.011197,0.36,2.79,0.0002598,1040,0,1,0,3.05,2.14,188.945,1134864
CdSiN2  ,112.4,48,5,12,867.8,1631.4,70,1.69,1.52,158,144,155,321.07,767,8.65,0.000012996,6.3,100,0.968,230,28.9,14,3,14,786.5,1577.1,-134.1,1.9,1.916,210,111,110,1414,3265,2.33,0.000012054,50.2,359,1.48,710,14.01,7,2,15,1402.3,2856,0.07,3.04,3.066,155,71,65,-210.1,-195.8,0.808,0.011197,0.36,2.79,0.0002598,1040,0,0,1,3.16,2.21,187.608,1134864
ZnGeP2  ,65.39,30,4,12,906.4,1733.3,0,1.65,1.59,139,122,135,419.53,907,7.133,0.000009157,7.35,119,1.16,388,72.64,32,4,14,762,1537.5,-118.9,2.01,1.994,211,120,125,938.3,2833,5.323,0.000013645,31.8,334,0.599,321.4,30.97,15,3,15,1011.8,1907,-72,2.19,2.253,180,107,100,44.2,277,1.82,0.000016991,0.64,12.4,0.00235,769.7,1,0,0,0.88,0.63,316.453,1566480
ZnGeP2  ,65.39,30,4,12,906.4,1733.3,0,1.65,1.59,139,122,135,419.53,907,7.133,0.000009157,7.35,119,1.16,388,72.64,32,4,14,762,1537.5,-118.9,2.01,1.994,211,120,125,938.3,2833,5.323,0.000013645,31.8,334,0.599,321.4,30.97,15,3,15,1011.8,1907,-72,2.19,2.253,180,107,100,44.2,277,1.82,0.000016991,0.64,12.4,0.00235,769.7,0,1,0,1.73,1.23,316.777,1566480
ZnGeP2  ,65.39,30,4,12,906.4,1733.3,0,1.65,1.59,139,122,135,419.53,907,7.133,0.000009157,7.35,119,1.16,388,72.64,32,4,14,762,1537.5,-118.9,2.01,1.994,211,120,125,938.3,2833,5.323,0.000013645,31.8,334,0.599,321.4,30.97,15,3,15,1011.8,1907,-72,2.19,2.253,180,107,100,44.2,277,1.82,0.000016991,0.64,12.4,0.00235,769.7,0,0,1,1.94,1.37,316.848,1566480
CdGeN2  ,112.4,48,5,12,867.8,1631.4,70,1.69,1.52,158,144,155,321.07,767,8.65,0.000012996,6.3,100,0.968,230,72.64,32,4,14,762,1537.5,-118.9,2.01,1.994,211,120,125,938.3,2833,5.323,0.000013645,31.8,334,0.599,321.4,14.01,7,2,15,1402.3,2856,0.07,3.04,3.066,155,71,65,-210.1,-195.8,0.808,0.011197,0.36,2.79,0.0002598,1040,1,0,0,1.15,0.81,208.752,1226880
CdGeN2  ,112.4,48,5,12,867.8,1631.4,70,1.69,1.52,158,144,155,321.07,767,8.65,0.000012996,6.3,100,0.968,230,72.64,32,4,14,762,1537.5,-118.9,2.01,1.994,211,120,125,938.3,2833,5.323,0.000013645,31.8,334,0.599,321.4,14.01,7,2,15,1402.3,2856,0.07,3.04,3.066,155,71,65,-210.1,-195.8,0.808,0.011197,0.36,2.79,0.0002598,1040,0,1,0,2.04,1.42,209.263,1226880
CdGeN2  ,112.4,48,5,12,867.8,1631.4,70,1.69,1.52,158,144,155,321.07,767,8.65,0.000012996,6.3,100,0.968,230,72.64,32,4,14,762,1537.5,-118.9,2.01,1.994,211,120,125,938.3,2833,5.323,0.000013645,31.8,334,0.599,321.4,14.01,7,2,15,1402.3,2856,0.07,3.04,3.066,155,71,65,-210.1,-195.8,0.808,0.011197,0.36,2.79,0.0002598,1040,0,0,1,1.73,1.2,208.266,1226880
GaInP2  ,69.72,31,4,13,578.8,1979.3,-40,1.81,1.756,187,122,130,29.76,2400,5.91,0.000011809,5.59,256,0.406,371,114.8,49,5,13,558.3,1820.7,-29,1.78,1.656,193,142,155,156.6,2072,7.31,0.000015707,3.26,230,0.816,233,30.97,15,3,15,1011.8,1907,-72,2.19,2.253,180,107,100,44.2,277,1.82,0.000016991,0.64,12.4,0.00235,769.7,1,0,0,1.87,1.36,365.757,1853668
GaInP2  ,69.72,31,4,13,578.8,1979.3,-40,1.81,1.756,187,122,130,29.76,2400,5.91,0.000011809,5.59,256,0.406,371,114.8,49,5,13,558.3,1820.7,-29,1.78,1.656,193,142,155,156.6,2072,7.31,0.000015707,3.26,230,0.816,233,30.97,15,3,15,1011.8,1907,-72,2.19,2.253,180,107,100,44.2,277,1.82,0.000016991,0.64,12.4,0.00235,769.7,0,1,0,2.16,1.55,365.241,1853668
GaInP2  ,69.72,31,4,13,578.8,1979.3,-40,1.81,1.756,187,122,130,29.76,2400,5.91,0.000011809,5.59,256,0.406,371,114.8,49,5,13,558.3,1820.7,-29,1.78,1.656,193,142,155,156.6,2072,7.31,0.000015707,3.26,230,0.816,233,30.97,15,3,15,1011.8,1907,-72,2.19,2.253,180,107,100,44.2,277,1.82,0.000016991,0.64,12.4,0.00235,769.7,0,0,1,2.06,1.5,365.421,1853668
AlInP2  ,26.981,13,3,13,577.5,1816.7,-41.8,1.61,1.613,184,121,125,660.3,2470,2.6989,0.00000999,10.7,293,2.37,904,114.8,49,5,13,558.3,1820.7,-29,1.78,1.656,193,142,155,156.6,2072,7.31,0.000015707,3.26,230,0.816,233,30.97,15,3,15,1011.8,1907,-72,2.19,2.253,180,107,100,44.2,277,1.82,0.000016991,0.64,12.4,0.00235,769.7,1,0,0,2.62,1.82,364.035,1838474
AlInP2  ,26.981,13,3,13,577.5,1816.7,-41.8,1.61,1.613,184,121,125,660.3,2470,2.6989,0.00000999,10.7,293,2.37,904,114.8,49,5,13,558.3,1820.7,-29,1.78,1.656,193,142,155,156.6,2072,7.31,0.000015707,3.26,230,0.816,233,30.97,15,3,15,1011.8,1907,-72,2.19,2.253,180,107,100,44.2,277,1.82,0.000016991,0.64,12.4,0.00235,769.7,0,1,0,2.98,2.06,363.656,1838474
AlInP2  ,26.981,13,3,13,577.5,1816.7,-41.8,1.61,1.613,184,121,125,660.3,2470,2.6989,0.00000999,10.7,293,2.37,904,114.8,49,5,13,558.3,1820.7,-29,1.78,1.656,193,142,155,156.6,2072,7.31,0.000015707,3.26,230,0.816,233,30.97,15,3,15,1011.8,1907,-72,2.19,2.253,180,107,100,44.2,277,1.82,0.000016991,0.64,12.4,0.00235,769.7,0,0,1,2.89,1.97,363.636,1838474
AlInAs2  ,26.981,13,3,13,577.5,1816.7,-41.8,1.61,1.613,184,121,125,660.3,2470,2.6989,0.00000999,10.7,293,2.37,904,114.8,49,5,13,558.3,1820.7,-29,1.78,1.656,193,142,155,156.6,2072,7.31,0.000015707,3.26,230,0.816,233,74.92,33,4,15,947,1798,-78,2.18,2.211,185,119,115,817,614,5.73,0.000013082,27.7,32.4,0.502,328,1,0,0,1.55,1.12,405.592,2044658
AlInAs2 ,26.981,13,3,13,577.5,1816.7,-41.8,1.61,1.613,184,121,125,660.3,2470,2.6989,0.00000999,10.7,293,2.37,904,114.8,49,5,13,558.3,1820.7,-29,1.78,1.656,193,142,155,156.6,2072,7.31,0.000015707,3.26,230,0.816,233,74.92,33,4,15,947,1798,-78,2.18,2.211,185,119,115,817,614,5.73,0.000013082,27.7,32.4,0.502,328,0,1,0,1.7,1.22,405.077,2044658
AlInAs2 ,26.981,13,3,13,577.5,1816.7,-41.8,1.61,1.613,184,121,125,660.3,2470,2.6989,0.00000999,10.7,293,2.37,904,114.8,49,5,13,558.3,1820.7,-29,1.78,1.656,193,142,155,156.6,2072,7.31,0.000015707,3.26,230,0.816,233,74.92,33,4,15,947,1798,-78,2.18,2.211,185,119,115,817,614,5.73,0.000013082,27.7,32.4,0.502,328,0,0,1,1.67,1.2,405.223,2044658
GaInAs2  ,69.72,31,4,13,578.8,1979.3,-40,1.81,1.756,187,122,130,29.76,2400,5.91,0.000011809,5.59,256,0.406,371,114.8,49,5,13,558.3,1820.7,-29,1.78,1.656,193,142,155,156.6,2072,7.31,0.000015707,3.26,230,0.816,233,74.92,33,4,15,947,1798,-78,2.18,2.211,185,119,115,817,614,5.73,0.000013082,27.7,32.4,0.502,328,1,0,0,0.27,0.2,407.411,2061556
GaInAs2  ,69.72,31,4,13,578.8,1979.3,-40,1.81,1.756,187,122,130,29.76,2400,5.91,0.000011809,5.59,256,0.406,371,114.8,49,5,13,558.3,1820.7,-29,1.78,1.656,193,142,155,156.6,2072,7.31,0.000015707,3.26,230,0.816,233,74.92,33,4,15,947,1798,-78,2.18,2.211,185,119,115,817,614,5.73,0.000013082,27.7,32.4,0.502,328,0,1,0,0.43,0.32,406.711,2061556
GaInAs2  ,69.72,31,4,13,578.8,1979.3,-40,1.81,1.756,187,122,130,29.76,2400,5.91,0.000011809,5.59,256,0.406,371,114.8,49,5,13,558.3,1820.7,-29,1.78,1.656,193,142,155,156.6,2072,7.31,0.000015707,3.26,230,0.816,233,74.92,33,4,15,947,1798,-78,2.18,2.211,185,119,115,817,614,5.73,0.000013082,27.7,32.4,0.502,328,0,0,1,0.38,0.28,407.101,2061556
CdSiAs2  ,112.4,48,5,12,867.8,1631.4,70,1.69,1.52,158,144,155,321.07,767,8.65,0.000012996,6.3,100,0.968,230,28.9,14,3,14,786.5,1577.1,-134.1,1.9,1.916,210,111,110,1414,3265,2.33,0.000012054,50.2,359,1.48,710,74.92,33,4,15,947,1798,-78,2.18,2.211,185,119,115,817,614,5.73,0.000013082,27.7,32.4,0.502,328,1,0,0,0.15,0.11,380.708,1902096
CdSiAs2  ,112.4,48,5,12,867.8,1631.4,70,1.69,1.52,158,144,155,321.07,767,8.65,0.000012996,6.3,100,0.968,230,28.9,14,3,14,786.5,1577.1,-134.1,1.9,1.916,210,111,110,1414,3265,2.33,0.000012054,50.2,359,1.48,710,74.92,33,4,15,947,1798,-78,2.18,2.211,185,119,115,817,614,5.73,0.000013082,27.7,32.4,0.502,328,0,1,0,1.47,1.07,379.893,1902096
CdSiAs2  ,112.4,48,5,12,867.8,1631.4,70,1.69,1.52,158,144,155,321.07,767,8.65,0.000012996,6.3,100,0.968,230,28.9,14,3,14,786.5,1577.1,-134.1,1.9,1.916,210,111,110,1414,3265,2.33,0.000012054,50.2,359,1.48,710,74.92,33,4,15,947,1798,-78,2.18,2.211,185,119,115,817,614,5.73,0.000013082,27.7,32.4,0.502,328,0,0,1,1.34,0.97,379.433,1902096
CdGeAs2  ,112.4,48,5,12,867.8,1631.4,70,1.69,1.52,158,144,155,321.07,767,8.65,0.000012996,6.3,100,0.968,230,72.64,32,4,14,762,1537.5,-118.9,2.01,1.994,211,120,125,938.3,2833,5.323,0.000013645,31.8,334,0.599,321.4,74.92,33,4,15,947,1798,-78,2.18,2.211,185,119,115,817,614,5.73,0.000013082,27.7,32.4,0.502,328,1,0,0,0,-0.11,401.167,2056320
CdGeAs2  ,112.4,48,5,12,867.8,1631.4,70,1.69,1.52,158,144,155,321.07,767,8.65,0.000012996,6.3,100,0.968,230,72.64,32,4,14,762,1537.5,-118.9,2.01,1.994,211,120,125,938.3,2833,5.323,0.000013645,31.8,334,0.599,321.4,74.92,33,4,15,947,1798,-78,2.18,2.211,185,119,115,817,614,5.73,0.000013082,27.7,32.4,0.502,328,0,1,0,0.11,0.08,400.107,2056320
CdGeAs2  ,112.4,48,5,12,867.8,1631.4,70,1.69,1.52,158,144,155,321.07,767,8.65,0.000012996,6.3,100,0.968,230,72.64,32,4,14,762,1537.5,-118.9,2.01,1.994,211,120,125,938.3,2833,5.323,0.000013645,31.8,334,0.599,321.4,74.92,33,4,15,947,1798,-78,2.18,2.211,185,119,115,817,614,5.73,0.000013082,27.7,32.4,0.502,328,0,0,1,0.07,0.05,399.976,2056320
ZnGeAs2  ,65.39,30,4,12,906.4,1733.3,0,1.65,1.59,139,122,135,419.53,907,7.133,0.000009157,7.35,119,1.16,388,72.64,32,4,14,762,1537.5,-118.9,2.01,1.994,211,120,125,938.3,2833,5.323,0.000013645,31.8,334,0.599,321.4,74.92,33,4,15,947,1798,-78,2.18,2.211,185,119,115,817,614,5.73,0.000013082,27.7,32.4,0.502,328,1,0,0,0.07,0.05,358.941,1742160
ZnGeAs2  ,65.39,30,4,12,906.4,1733.3,0,1.65,1.59,139,122,135,419.53,907,7.133,0.000009157,7.35,119,1.16,388,72.64,32,4,14,762,1537.5,-118.9,2.01,1.994,211,120,125,938.3,2833,5.323,0.000013645,31.8,334,0.599,321.4,74.92,33,4,15,947,1798,-78,2.18,2.211,185,119,115,817,614,5.73,0.000013082,27.7,32.4,0.502,328,0,1,0,0.58,0.43,359.2,1742160
ZnGeAs2  ,65.39,30,4,12,906.4,1733.3,0,1.65,1.59,139,122,135,419.53,907,7.133,0.000009157,7.35,119,1.16,388,72.64,32,4,14,762,1537.5,-118.9,2.01,1.994,211,120,125,938.3,2833,5.323,0.000013645,31.8,334,0.599,321.4,74.92,33,4,15,947,1798,-78,2.18,2.211,185,119,115,817,614,5.73,0.000013082,27.7,32.4,0.502,328,0,0,1,0.5,0.37,359.263,1742160
ZnSnN2  ,65.39,30,4,12,906.4,1733.3,0,1.65,1.59,139,122,135,419.53,907,7.133,0.000009157,7.35,119,1.16,388,118.7,50,5,14,708.6,1411.8,-107,1.96,1.824,217,139,145,231.93,2602,7.31,0.000016239,7,290,0.666,217,14.01,7,2,15,1402.3,2856,0.07,3.04,3.066,155,71,65,-210.1,-195.8,0.808,0.011197,0.36,2.79,0.0002598,1040,1,0,0,0.94,0.65,212.676,1204018
ZnSnN2  ,65.39,30,4,12,906.4,1733.3,0,1.65,1.59,139,122,135,419.53,907,7.133,0.000009157,7.35,119,1.16,388,118.7,50,5,14,708.6,1411.8,-107,1.96,1.824,217,139,145,231.93,2602,7.31,0.000016239,7,290,0.666,217,14.01,7,2,15,1402.3,2856,0.07,3.04,3.066,155,71,65,-210.1,-195.8,0.808,0.011197,0.36,2.79,0.0002598,1040,0,1,0,0.97,0.67,213.041,1204018
ZnSnN2  ,65.39,30,4,12,906.4,1733.3,0,1.65,1.59,139,122,135,419.53,907,7.133,0.000009157,7.35,119,1.16,388,118.7,50,5,14,708.6,1411.8,-107,1.96,1.824,217,139,145,231.93,2602,7.31,0.000016239,7,290,0.666,217,14.01,7,2,15,1402.3,2856,0.07,3.04,3.066,155,71,65,-210.1,-195.8,0.808,0.011197,0.36,2.79,0.0002598,1040,0,0,1,0.79,0.54,213.216,1204018
ZnSiAs2  ,65.39,30,4,12,906.4,1733.3,0,1.65,1.59,139,122,135,419.53,907,7.133,0.000009157,7.35,119,1.16,388,28.9,14,3,14,786.5,1577.1,-134.1,1.9,1.916,210,111,110,1414,3265,2.33,0.000012054,50.2,359,1.48,710,74.92,33,4,15,947,1798,-78,2.18,2.211,185,119,115,817,614,5.73,0.000013082,27.7,32.4,0.502,328,1,0,0,0.78,0.55,342.273,1611498
ZnSiAs2  ,65.39,30,4,12,906.4,1733.3,0,1.65,1.59,139,122,135,419.53,907,7.133,0.000009157,7.35,119,1.16,388,28.9,14,3,14,786.5,1577.1,-134.1,1.9,1.916,210,111,110,1414,3265,2.33,0.000012054,50.2,359,1.48,710,74.92,33,4,15,947,1798,-78,2.18,2.211,185,119,115,817,614,5.73,0.000013082,27.7,32.4,0.502,328,0,1,0,1.81,1.3,342.303,1611498
ZnSiAs2  ,65.39,30,4,12,906.4,1733.3,0,1.65,1.59,139,122,135,419.53,907,7.133,0.000009157,7.35,119,1.16,388,28.9,14,3,14,786.5,1577.1,-134.1,1.9,1.916,210,111,110,1414,3265,2.33,0.000012054,50.2,359,1.48,710,74.92,33,4,15,947,1798,-78,2.18,2.211,185,119,115,817,614,5.73,0.000013082,27.7,32.4,0.502,328,0,0,1,1.95,1.35,342.281,1611498
CdSiP2  ,112.4,48,5,12,867.8,1631.4,70,1.69,1.52,158,144,155,321.07,767,8.65,0.000012996,6.3,100,0.968,230,28.9,14,3,14,786.5,1577.1,-134.1,1.9,1.916,210,111,110,1414,3265,2.33,0.000012054,50.2,359,1.48,710,30.97,15,3,15,1011.8,1907,-72,2.19,2.253,180,107,100,44.2,277,1.82,0.000016991,0.64,12.4,0.00235,769.7,1,0,0,1.21,0.86,335.637,1710288
CdSiP2  ,112.4,48,5,12,867.8,1631.4,70,1.69,1.52,158,144,155,321.07,767,8.65,0.000012996,6.3,100,0.968,230,28.9,14,3,14,786.5,1577.1,-134.1,1.9,1.916,210,111,110,1414,3265,2.33,0.000012054,50.2,359,1.48,710,30.97,15,3,15,1011.8,1907,-72,2.19,2.253,180,107,100,44.2,277,1.82,0.000016991,0.64,12.4,0.00235,769.7,0,1,0,2.7,1.89,335.729,1710288
CdSiP2  ,112.4,48,5,12,867.8,1631.4,70,1.69,1.52,158,144,155,321.07,767,8.65,0.000012996,6.3,100,0.968,230,28.9,14,3,14,786.5,1577.1,-134.1,1.9,1.916,210,111,110,1414,3265,2.33,0.000012054,50.2,359,1.48,710,30.97,15,3,15,1011.8,1907,-72,2.19,2.253,180,107,100,44.2,277,1.82,0.000016991,0.64,12.4,0.00235,769.7,0,0,1,2.33,1.6,334.952,1710288
CdGeP2  ,112.4,48,5,12,867.8,1631.4,70,1.69,1.52,158,144,155,321.07,767,8.65,0.000012996,6.3,100,0.968,230,72.64,32,4,14,762,1537.5,-118.9,2.01,1.994,211,120,125,938.3,2833,5.323,0.000013645,31.8,334,0.599,321.4,30.97,15,3,15,1011.8,1907,-72,2.19,2.253,180,107,100,44.2,277,1.82,0.000016991,0.64,12.4,0.00235,769.7,1,0,0,0.36,0.26,355.554,1848960
CdGeP2  ,112.4,48,5,12,867.8,1631.4,70,1.69,1.52,158,144,155,321.07,767,8.65,0.000012996,6.3,100,0.968,230,72.64,32,4,14,762,1537.5,-118.9,2.01,1.994,211,120,125,938.3,2833,5.323,0.000013645,31.8,334,0.599,321.4,30.97,15,3,15,1011.8,1907,-72,2.19,2.253,180,107,100,44.2,277,1.82,0.000016991,0.64,12.4,0.00235,769.7,0,1,0,1.78,1.3,355.288,1848960
CdGeP2  ,112.4,48,5,12,867.8,1631.4,70,1.69,1.52,158,144,155,321.07,767,8.65,0.000012996,6.3,100,0.968,230,72.64,32,4,14,762,1537.5,-118.9,2.01,1.994,211,120,125,938.3,2833,5.323,0.000013645,31.8,334,0.599,321.4,30.97,15,3,15,1011.8,1907,-72,2.19,2.253,180,107,100,44.2,277,1.82,0.000016991,0.64,12.4,0.00235,769.7,0,0,1,1.62,1.17,354.994,1848960
CdSnN2  ,112.4,48,5,12,867.8,1631.4,70,1.69,1.52,158,144,155,321.07,767,8.65,0.000012996,6.3,100,0.968,230,118.7,50,5,14,708.6,1411.8,-107,1.96,1.824,217,139,145,231.93,2602,7.31,0.000016239,7,290,0.666,217,14.01,7,2,15,1402.3,2856,0.07,3.04,3.066,155,71,65,-210.1,-195.8,0.808,0.011197,0.36,2.79,0.0002598,1040,1,0,0,0.1,0.07,244.974,1421136
CdSnN2  ,112.4,48,5,12,867.8,1631.4,70,1.69,1.52,158,144,155,321.07,767,8.65,0.000012996,6.3,100,0.968,230,118.7,50,5,14,708.6,1411.8,-107,1.96,1.824,217,139,145,231.93,2602,7.31,0.000016239,7,290,0.666,217,14.01,7,2,15,1402.3,2856,0.07,3.04,3.066,155,71,65,-210.1,-195.8,0.808,0.011197,0.36,2.79,0.0002598,1040,0,1,0,0.45,0.3,245.513,1421136
CdSnN2  ,112.4,48,5,12,867.8,1631.4,70,1.69,1.52,158,144,155,321.07,767,8.65,0.000012996,6.3,100,0.968,230,118.7,50,5,14,708.6,1411.8,-107,1.96,1.824,217,139,145,231.93,2602,7.31,0.000016239,7,290,0.666,217,14.01,7,2,15,1402.3,2856,0.07,3.04,3.066,155,71,65,-210.1,-195.8,0.808,0.011197,0.36,2.79,0.0002598,1040,0,0,1,0.15,0.1,245.499,1421136
ZnSnAs2  ,65.39,30,4,12,906.4,1733.3,0,1.65,1.59,139,122,135,419.53,907,7.133,0.000009157,7.35,119,1.16,388,118.7,50,5,14,708.6,1411.8,-107,1.96,1.824,217,139,145,231.93,2602,7.31,0.000016239,7,290,0.666,217,74.92,33,4,15,947,1798,-78,2.18,2.211,185,119,115,817,614,5.73,0.000013082,27.7,32.4,0.502,328,1,0,0,0.21,0.15,400.029,2018002
ZnSnAs2 ,65.39,30,4,12,906.4,1733.3,0,1.65,1.59,139,122,135,419.53,907,7.133,0.000009157,7.35,119,1.16,388,118.7,50,5,14,708.6,1411.8,-107,1.96,1.824,217,139,145,231.93,2602,7.31,0.000016239,7,290,0.666,217,74.92,33,4,15,947,1798,-78,2.18,2.211,185,119,115,817,614,5.73,0.000013082,27.7,32.4,0.502,328,0,1,0,0.27,0.2,400.345,2018002
ZnSnAs2 ,65.39,30,4,12,906.4,1733.3,0,1.65,1.59,139,122,135,419.53,907,7.133,0.000009157,7.35,119,1.16,388,118.7,50,5,14,708.6,1411.8,-107,1.96,1.824,217,139,145,231.93,2602,7.31,0.000016239,7,290,0.666,217,74.92,33,4,15,947,1798,-78,2.18,2.211,185,119,115,817,614,5.73,0.000013082,27.7,32.4,0.502,328,0,0,1,0.24,0.17,400.629,2018002
ZnSnP2  ,65.39,30,4,12,906.4,1733.3,0,1.65,1.59,139,122,135,419.53,907,7.133,0.000009157,7.35,119,1.16,388,118.7,50,5,14,708.6,1411.8,-107,1.96,1.824,217,139,145,231.93,2602,7.31,0.000016239,7,290,0.666,217,30.97,15,3,15,1011.8,1907,-72,2.19,2.253,180,107,100,44.2,277,1.82,0.000016991,0.64,12.4,0.00235,769.7,1,0,0,1.39,0.99,356.345,1814506
ZnSnP2  ,65.39,30,4,12,906.4,1733.3,0,1.65,1.59,139,122,135,419.53,907,7.133,0.000009157,7.35,119,1.16,388,118.7,50,5,14,708.6,1411.8,-107,1.96,1.824,217,139,145,231.93,2602,7.31,0.000016239,7,290,0.666,217,30.97,15,3,15,1011.8,1907,-72,2.19,2.253,180,107,100,44.2,277,1.82,0.000016991,0.64,12.4,0.00235,769.7,0,1,0,1.67,1.18,356.573,1814506
ZnSnP2  ,65.39,30,4,12,906.4,1733.3,0,1.65,1.59,139,122,135,419.53,907,7.133,0.000009157,7.35,119,1.16,388,118.7,50,5,14,708.6,1411.8,-107,1.96,1.824,217,139,145,231.93,2602,7.31,0.000016239,7,290,0.666,217,30.97,15,3,15,1011.8,1907,-72,2.19,2.253,180,107,100,44.2,277,1.82,0.000016991,0.64,12.4,0.00235,769.7,0,0,1,1.69,1.21,356.844,1814506
CdSnP2  ,112.4,48,5,12,867.8,1631.4,70,1.69,1.52,158,144,155,321.07,767,8.65,0.000012996,6.3,100,0.968,230,118.7,50,5,14,708.6,1411.8,-107,1.96,1.824,217,139,145,231.93,2602,7.31,0.000016239,7,290,0.666,217,30.97,15,3,15,1011.8,1907,-72,2.19,2.253,180,107,100,44.2,277,1.82,0.000016991,0.64,12.4,0.00235,769.7,1,0,0,0.75,0.53,399.773,2141712
CdSnP2  ,112.4,48,5,12,867.8,1631.4,70,1.69,1.52,158,144,155,321.07,767,8.65,0.000012996,6.3,100,0.968,230,118.7,50,5,14,708.6,1411.8,-107,1.96,1.824,217,139,145,231.93,2602,7.31,0.000016239,7,290,0.666,217,30.97,15,3,15,1011.8,1907,-72,2.19,2.253,180,107,100,44.2,277,1.82,0.000016991,0.64,12.4,0.00235,769.7,0,1,0,1.29,0.91,400.098,2141712
CdSnP2  ,112.4,48,5,12,867.8,1631.4,70,1.69,1.52,158,144,155,321.07,767,8.65,0.000012996,6.3,100,0.968,230,118.7,50,5,14,708.6,1411.8,-107,1.96,1.824,217,139,145,231.93,2602,7.31,0.000016239,7,290,0.666,217,30.97,15,3,15,1011.8,1907,-72,2.19,2.253,180,107,100,44.2,277,1.82,0.000016991,0.64,12.4,0.00235,769.7,0,0,1,1.14,0.8,400.276,2141712
ZnSiP2  ,65.39,30,4,12,906.4,1733.3,0,1.65,1.59,139,122,135,419.53,907,7.133,0.000009157,7.35,119,1.16,388,28.9,14,3,14,786.5,1577.1,-134.1,1.9,1.916,210,111,110,1414,3265,2.33,0.000012054,50.2,359,1.48,710,30.97,15,3,15,1011.8,1907,-72,2.19,2.253,180,107,100,44.2,277,1.82,0.000016991,0.64,12.4,0.00235,769.7,1,0,0,1.53,1.09,300.312,1448994
ZnSiP2  ,65.39,30,4,12,906.4,1733.3,0,1.65,1.59,139,122,135,419.53,907,7.133,0.000009157,7.35,119,1.16,388,28.9,14,3,14,786.5,1577.1,-134.1,1.9,1.916,210,111,110,1414,3265,2.33,0.000012054,50.2,359,1.48,710,30.97,15,3,15,1011.8,1907,-72,2.19,2.253,180,107,100,44.2,277,1.82,0.000016991,0.64,12.4,0.00235,769.7,0,1,0,2.35,1.64,300.557,1448994
ZnSiP2  ,65.39,30,4,12,906.4,1733.3,0,1.65,1.59,139,122,135,419.53,907,7.133,0.000009157,7.35,119,1.16,388,28.9,14,3,14,786.5,1577.1,-134.1,1.9,1.916,210,111,110,1414,3265,2.33,0.000012054,50.2,359,1.48,710,30.97,15,3,15,1011.8,1907,-72,2.19,2.253,180,107,100,44.2,277,1.82,0.000016991,0.64,12.4,0.00235,769.7,0,0,1,2.2,1.52,300.441,1448994
CdSnAs2  ,112.4,48,5,12,867.8,1631.4,70,1.69,1.52,158,144,155,321.07,767,8.65,0.000012996,6.3,100,0.968,230,118.7,50,5,14,708.6,1411.8,-107,1.96,1.824,217,139,145,231.93,2602,7.31,0.000016239,7,290,0.666,217,74.92,33,4,15,947,1798,-78,2.18,2.211,185,119,115,817,614,5.73,0.000013082,27.7,32.4,0.502,328,1,0,0,0.07,0.05,446.107,2381904
CdSnAs2  ,112.4,48,5,12,867.8,1631.4,70,1.69,1.52,158,144,155,321.07,767,8.65,0.000012996,6.3,100,0.968,230,118.7,50,5,14,708.6,1411.8,-107,1.96,1.824,217,139,145,231.93,2602,7.31,0.000016239,7,290,0.666,217,74.92,33,4,15,947,1798,-78,2.18,2.211,185,119,115,817,614,5.73,0.000013082,27.7,32.4,0.502,328,0,1,0,0.05,0.04,446.14,2381904
CdSnAs2  ,112.4,48,5,12,867.8,1631.4,70,1.69,1.52,158,144,155,321.07,767,8.65,0.000012996,6.3,100,0.968,230,118.7,50,5,14,708.6,1411.8,-107,1.96,1.824,217,139,145,231.93,2602,7.31,0.000016239,7,290,0.666,217,74.92,33,4,15,947,1798,-78,2.18,2.211,185,119,115,817,614,5.73,0.000013082,27.7,32.4,0.502,328,0,0,1,0.13,0.09,446.314,2381904
ZnGeSb2  ,65.39,30,4,12,906.4,1733.3,0,1.65,1.59,139,122,135,419.53,907,7.133,0.000009157,7.35,119,1.16,388,72.64,32,4,14,762,1537.5,-118.9,2.01,1.994,211,120,125,938.3,2833,5.323,0.000013645,31.8,334,0.599,321.4,121.8,51,5,15,834,1594.9,-101,2.05,1.984,206,139,145,630.63,1635,6.69,0.000018181,19.7,67,0.243,207,1,0,0,0,-0.21,447.353,2034960
ZnGeSb2  ,65.39,30,4,12,906.4,1733.3,0,1.65,1.59,139,122,135,419.53,907,7.133,0.000009157,7.35,119,1.16,388,72.64,32,4,14,762,1537.5,-118.9,2.01,1.994,211,120,125,938.3,2833,5.323,0.000013645,31.8,334,0.599,321.4,121.8,51,5,15,834,1594.9,-101,2.05,1.984,206,139,145,630.63,1635,6.69,0.000018181,19.7,67,0.243,207,0,1,0,0.05,0.04,447.378,2034960
ZnGeSb2  ,65.39,30,4,12,906.4,1733.3,0,1.65,1.59,139,122,135,419.53,907,7.133,0.000009157,7.35,119,1.16,388,72.64,32,4,14,762,1537.5,-118.9,2.01,1.994,211,120,125,938.3,2833,5.323,0.000013645,31.8,334,0.599,321.4,121.8,51,5,15,834,1594.9,-101,2.05,1.984,206,139,145,630.63,1635,6.69,0.000018181,19.7,67,0.243,207,0,0,1,0.02,0.01,447.958,2034960
CdSiSb2  ,112.4,48,5,12,867.8,1631.4,70,1.69,1.52,158,144,155,321.07,767,8.65,0.000012996,6.3,100,0.968,230,28.9,14,3,14,786.5,1577.1,-134.1,1.9,1.916,210,111,110,1414,3265,2.33,0.000012054,50.2,359,1.48,710,121.8,51,5,15,834,1594.9,-101,2.05,1.984,206,139,145,630.63,1635,6.69,0.000018181,19.7,67,0.243,207,1,0,0,0,-0.2,475.682,2221776
CdSiSb2 ,112.4,48,5,12,867.8,1631.4,70,1.69,1.52,158,144,155,321.07,767,8.65,0.000012996,6.3,100,0.968,230,28.9,14,3,14,786.5,1577.1,-134.1,1.9,1.916,210,111,110,1414,3265,2.33,0.000012054,50.2,359,1.48,710,121.8,51,5,15,834,1594.9,-101,2.05,1.984,206,139,145,630.63,1635,6.69,0.000018181,19.7,67,0.243,207,0,1,0,0.88,0.64,474.041,2221776
CdSiSb2 ,112.4,48,5,12,867.8,1631.4,70,1.69,1.52,158,144,155,321.07,767,8.65,0.000012996,6.3,100,0.968,230,28.9,14,3,14,786.5,1577.1,-134.1,1.9,1.916,210,111,110,1414,3265,2.33,0.000012054,50.2,359,1.48,710,121.8,51,5,15,834,1594.9,-101,2.05,1.984,206,139,145,630.63,1635,6.69,0.000018181,19.7,67,0.243,207,0,0,1,0.75,0.54,474.074,2221776
ZnSiSb2  ,65.39,30,4,12,906.4,1733.3,0,1.65,1.59,139,122,135,419.53,907,7.133,0.000009157,7.35,119,1.16,388,28.9,14,3,14,786.5,1577.1,-134.1,1.9,1.916,210,111,110,1414,3265,2.33,0.000012054,50.2,359,1.48,710,121.8,51,5,15,834,1594.9,-101,2.05,1.984,206,139,145,630.63,1635,6.69,0.000018181,19.7,67,0.243,207,1,0,0,0,0,431.816,1882338
ZnSiSb2  ,65.39,30,4,12,906.4,1733.3,0,1.65,1.59,139,122,135,419.53,907,7.133,0.000009157,7.35,119,1.16,388,28.9,14,3,14,786.5,1577.1,-134.1,1.9,1.916,210,111,110,1414,3265,2.33,0.000012054,50.2,359,1.48,710,121.8,51,5,15,834,1594.9,-101,2.05,1.984,206,139,145,630.63,1635,6.69,0.000018181,19.7,67,0.243,207,0,1,0,0.78,0.55,431.463,1882338
ZnSiSb2  ,65.39,30,4,12,906.4,1733.3,0,1.65,1.59,139,122,135,419.53,907,7.133,0.000009157,7.35,119,1.16,388,28.9,14,3,14,786.5,1577.1,-134.1,1.9,1.916,210,111,110,1414,3265,2.33,0.000012054,50.2,359,1.48,710,121.8,51,5,15,834,1594.9,-101,2.05,1.984,206,139,145,630.63,1635,6.69,0.000018181,19.7,67,0.243,207,0,0,1,1.15,0.81,432.006,1882338
CdGeSb2  ,112.4,48,5,12,867.8,1631.4,70,1.69,1.52,158,144,155,321.07,767,8.65,0.000012996,6.3,100,0.968,230,72.64,32,4,14,762,1537.5,-118.9,2.01,1.994,211,120,125,938.3,2833,5.323,0.000013645,31.8,334,0.599,321.4,121.8,51,5,15,834,1594.9,-101,2.05,1.984,206,139,145,630.63,1635,6.69,0.000018181,19.7,67,0.243,207,1,0,0,0,-0.24,494.352,2401920
CdGeSb2  ,112.4,48,5,12,867.8,1631.4,70,1.69,1.52,158,144,155,321.07,767,8.65,0.000012996,6.3,100,0.968,230,72.64,32,4,14,762,1537.5,-118.9,2.01,1.994,211,120,125,938.3,2833,5.323,0.000013645,31.8,334,0.599,321.4,121.8,51,5,15,834,1594.9,-101,2.05,1.984,206,139,145,630.63,1635,6.69,0.000018181,19.7,67,0.243,207,0,1,0,0.09,0.06,492.757,2401920
CdGeSb2  ,112.4,48,5,12,867.8,1631.4,70,1.69,1.52,158,144,155,321.07,767,8.65,0.000012996,6.3,100,0.968,230,72.64,32,4,14,762,1537.5,-118.9,2.01,1.994,211,120,125,938.3,2833,5.323,0.000013645,31.8,334,0.599,321.4,121.8,51,5,15,834,1594.9,-101,2.05,1.984,206,139,145,630.63,1635,6.69,0.000018181,19.7,67,0.243,207,0,0,1,0.19,0.13,493.088,2401920
ZnSnSb2  ,65.39,30,4,12,906.4,1733.3,0,1.65,1.59,139,122,135,419.53,907,7.133,0.000009157,7.35,119,1.16,388,118.7,50,5,14,708.6,1411.8,-107,1.96,1.824,217,139,145,231.93,2602,7.31,0.000016239,7,290,0.666,217,121.8,51,5,15,834,1594.9,-101,2.05,1.984,206,139,145,630.63,1635,6.69,0.000018181,19.7,67,0.243,207,1,0,0,0.02,0.01,493.421,2357162
ZnSnSb2  ,65.39,30,4,12,906.4,1733.3,0,1.65,1.59,139,122,135,419.53,907,7.133,0.000009157,7.35,119,1.16,388,118.7,50,5,14,708.6,1411.8,-107,1.96,1.824,217,139,145,231.93,2602,7.31,0.000016239,7,290,0.666,217,121.8,51,5,15,834,1594.9,-101,2.05,1.984,206,139,145,630.63,1635,6.69,0.000018181,19.7,67,0.243,207,0,1,0,0.05,0.04,493.833,2357162
ZnSnSb2  ,65.39,30,4,12,906.4,1733.3,0,1.65,1.59,139,122,135,419.53,907,7.133,0.000009157,7.35,119,1.16,388,118.7,50,5,14,708.6,1411.8,-107,1.96,1.824,217,139,145,231.93,2602,7.31,0.000016239,7,290,0.666,217,121.8,51,5,15,834,1594.9,-101,2.05,1.984,206,139,145,630.63,1635,6.69,0.000018181,19.7,67,0.243,207,0,0,1,0.04,0.03,494.125,2357162
CdSnSb2  ,112.4,48,5,12,867.8,1631.4,70,1.69,1.52,158,144,155,321.07,767,8.65,0.000012996,6.3,100,0.968,230,118.7,50,5,14,708.6,1411.8,-107,1.96,1.824,217,139,145,231.93,2602,7.31,0.000016239,7,290,0.666,217,121.8,51,5,15,834,1594.9,-101,2.05,1.984,206,139,145,630.63,1635,6.69,0.000018181,19.7,67,0.243,207,1,0,0,0.06,0.04,544.101,2782224
CdSnSb2 ,112.4,48,5,12,867.8,1631.4,70,1.69,1.52,158,144,155,321.07,767,8.65,0.000012996,6.3,100,0.968,230,118.7,50,5,14,708.6,1411.8,-107,1.96,1.824,217,139,145,231.93,2602,7.31,0.000016239,7,290,0.666,217,121.8,51,5,15,834,1594.9,-101,2.05,1.984,206,139,145,630.63,1635,6.69,0.000018181,19.7,67,0.243,207,0,1,0,0.06,0.04,544.274,2782224
CdSnSb2 ,112.4,48,5,12,867.8,1631.4,70,1.69,1.52,158,144,155,321.07,767,8.65,0.000012996,6.3,100,0.968,230,118.7,50,5,14,708.6,1411.8,-107,1.96,1.824,217,139,145,231.93,2602,7.31,0.000016239,7,290,0.666,217,121.8,51,5,15,834,1594.9,-101,2.05,1.984,206,139,145,630.63,1635,6.69,0.000018181,19.7,67,0.243,207,0,0,1,0.09,0.06,544.545,2782224
